<?xml version="1.0" encoding="UTF-8"?>
<!DOCTYPE mapper PUBLIC "-//mybatis.org//DTD Mapper 3.0//EN"
        "http://mybatis.org/dtd/mybatis-3-mapper.dtd">
<mapper namespace="com.camply.user.dao.UserDao">
    <resultMap id="UserLoginVO" type="com.camply.user.vo.UserLoginVO">
        <id property="USER_ID" column="USER_ID"/>
        <result property="USER_EMAIL" column="USER_EMAIL"/>
        <result property="USER_PASSWORD" column="USER_PASSWORD"/>
    </resultMap>

    <select id="findByEmailAndPassword" parameterType="com.camply.user.vo.UserLoginVO">
        SELECT * FROM USER_INFO WHERE USER_EMAIL = #{USER_EMAIL} AND USER_PASSWORD = #{USER_PASSWORD}
    </select>

    <select id="findByEmail" parameterType="com.camply.user.vo.UserLoginVO">
        SELECT * FROM USER_INFO WHERE USER_EMAIL = #{USER_EMAIL}
    </select>
</mapper>