<?xml version="1.0" encoding="UTF-8"?>
<!DOCTYPE mapper PUBLIC "-//mybatis.org//DTD Mapper 3.0//EN"
    "http://mybatis.org/dtd/mybatis-3-mapper.dtd">
<mapper namespace="com.camply.shop.productdetail.question.dao.QuestionDao">
   
   
   <!--문의글 조회-->
   <resultMap id="selectQuestion" type="com.camply.shop.productdetail.question.vo.QuestionVO">
			<id property="questionNo" column="QUESTION_NO"/>
			  	<result property="questionTitle" column="QUESTION_TITLE"/>
			  	<result property="questionText" column="QUESTION_TEXT"/>
		        <result property="questionName" column="QUESTION_NAME"/>
		        <result property="questionDate" column="QUESTION_DATE"/>
		        <result property="questionHit" column="QUESTION_HIT"/>
	</resultMap>
	<select id="getQuestion" resultMap="selectQuestion" parameterType="int" >
		SELECT * FROM Shop_Question WHERE question_no = #{questionNo}
	</select>
	
   <!--문의글 작성-->
    <insert id="insertQuestion" parameterType="com.camply.shop.productdetail.question.vo.QuestionVO">
        INSERT INTO Shop_Question (question_no, question_title, question_text, question_name, question_date, question_hit)
        VALUES (QUESTION_NO_SEQ.NEXTVAL, #{questionTitle}, #{questionText}, #{questionName}, sysdate, 0)
    </insert>
    
    <!--문의글 조회수 증가 -->
    <update id="incrementQuestionHit" parameterType="int">
    UPDATE Shop_Question
    SET question_hit = question_hit + 1
    WHERE question_no = #{questionNo}
	</update>
    
    <!--문의글 목록 조회-->
    <select id="selectAllQuestions" resultType="com.camply.shop.productdetail.question.vo.QuestionVO">
 	   SELECT * FROM Shop_Question
    </select>
    
    <!--문의글 수정  -->
    <update id="updateQuestion" parameterType="int">
    UPDATE Shop_Question	
    SET QUESTION_TITLE = #{questionTitle}, QUESTION_TEXT = #{questionText}
    WHERE QUESTION_NO = #{questionNo}
    </update>
 	
 	<!--문의글 삭제  -->
 	<delete id="deleteQuestion" parameterType="int">
 	DELETE FROM Shop_Question WHERE QUESTION_NO = #{questionNo}
 	</delete>   	
</mapper>
