<?xml version="1.0" encoding="UTF-8"?>
<!DOCTYPE mapper PUBLIC "-//mybatis.org//DTD Mapper 3.0//EN"
    "http://mybatis.org/dtd/mybatis-3-mapper.dtd">
<mapper namespace="com.camply.shop.productdetail.reviewcomment.dao.ReviewCommentDao">

<!--댓글 표시-->
   <resultMap id="CommentView" type="com.camply.shop.productdetail.reviewcomment.vo.ReviewCommentVO">
			<id property="commentNo" column="COMMENT_NO"/>
			  	<result property="commentText" column="COMMENT_TEXT"/>
			  	<result property="commentDate" column="COMMENT_DATE"/>
		        
	</resultMap>
	<select id="getComment" resultMap="CommentView" parameterType="int" >
		SELECT * FROM Shop_Question_Comment WHERE comment_no = #{commentNo}
	</select>
	
<!--댓글 작성  -->
    <insert id="insertComment" parameterType="com.camply.shop.productdetail.reviewcomment.vo.ReviewCommentVO">
        INSERT INTO SHOP_QUESTION_COMMENT (comment_no,review_no, comment_text, comment_date)
        VALUES (REVIEW_COMMENT_SEQ.NEXTVAL, #{reciewNo}, #{commentText},sysdate)
    </insert>
</mapper>
